"path","sha256"
"alibaba_domain/alibaba_domain_heldout_summary.csv","823db7df858f28f53ac8a6dc57f4753243a31853ea5204995a59d9e103903c23"
"alibaba_domain/alibaba_domain_result_public.json","66671d21edf74d17390db8208b3d8e578abfeb0047eb0f9367e719cc120deba4"
"alibaba_domain/alibaba_domain_threshold_calibration.csv","ad63fc687f38ecd03cd6bad98a7f93aa4f041c10070f81266918e06f478f0a96"
"alibaba_domain/README.md","1f98bb093de7c38a283241cf8d70457b74a5d4025cd65a6da1560bc53a0fc113"
"hosting/hardware_environment_public.txt","fd0e024f2223542935ebaa5bf7646e233cc4833151740ad842421316e92137e0"
"hosting/hosting_profile.json","0788d89b1c4871be8938e478356b8b3b39727c44ba1b8345b69ae0d0d2f3e456"
"hosting/hosting_profile_confirm.json","d5c27c9331a2c6dc5eb2c0a5835e91c1402af9b35ddf6a0f9a7d540cb282fcbd"
"hosting/hosting_profile_correlations.csv","79e136b61489c50aa3b5d3fd580731a340719494bb66b71156b2aaeff7010c5f"
"hosting/hosting_profile_summary.csv","0ea1a55ff4a278e4d82ac9df5522afdc1862c271218244bfc377908419bfe13f"
"hosting/README.md","0ec5449745c83902e2cca1ba8a72546b2a06d3c3caaa0d71b9e7a8bcc94fe5d2"
