group,case_key,source_seed,proposed_mse,matched_reference_mse,gain_percent
Source seed 2904,seed2904_c1060_h1_k10_btight,2904,0.0047056907787919,0.0047056907787919,0.0
Source seed 2904,seed2904_c1060_h1_k20_btight,2904,0.0073060635477304,0.0073060635477304,0.0
Source seed 2904,seed2904_c1060_h4_k10_btight,2904,0.0077680051326751,0.0077680051326751,0.0
Source seed 2904,seed2904_c1060_h4_k20_btight,2904,0.0077983140945434,0.0077983140945434,0.0
Source seed 2904,seed2904_c1061_h1_k10_btight,2904,0.0084644639864563,0.0084644639864563,0.0
Source seed 2904,seed2904_c1061_h1_k20_btight,2904,0.0076195546425879,0.0076195546425879,0.0
Source seed 2904,seed2904_c1061_h4_k10_btight,2904,0.0100280074402689,0.0100280074402689,0.0
Source seed 2904,seed2904_c1061_h4_k20_btight,2904,0.0095742838457226,0.0095742838457226,0.0
Source seed 2904,seed2904_c1062_h1_k10_btight,2904,0.0030468981713056,0.0030468981713056,0.0
Source seed 2904,seed2904_c1062_h1_k20_btight,2904,0.0022700526751577,0.0022700526751577,0.0
Source seed 2904,seed2904_c1062_h4_k10_btight,2904,0.0058520976454019,0.0058520976454019,0.0
Source seed 2904,seed2904_c1062_h4_k20_btight,2904,0.0041787251830101,0.0041787251830101,0.0
Source seed 2904,seed2904_c1063_h1_k10_bloose,2904,0.0106062972918152,0.0106062972918152,0.0
Source seed 2904,seed2904_c1063_h1_k20_bloose,2904,0.0060527930036187,0.0060527930036187,0.0
Source seed 2904,seed2904_c1063_h4_k10_bloose,2904,0.0152160357683897,0.018522921949625,17.85294021132411
Source seed 2904,seed2904_c1063_h4_k20_bloose,2904,0.0088449195027351,0.0088449195027351,0.0
Source seed 2904,seed2904_c1064_h1_k10_bmedium,2904,0.0005604796460829,0.001318946480751,57.50550497402496
Source seed 2904,seed2904_c1064_h1_k20_bmedium,2904,0.0007311273366212,0.0008468524902127,13.665325991514187
Source seed 2904,seed2904_c1064_h4_k10_bmedium,2904,0.0005968391778878,0.0016182938124984,63.11923249600569
Source seed 2904,seed2904_c1064_h4_k20_bmedium,2904,0.0005442895344458,0.0009876327821984,44.88948274042217
Source seed 2904,seed2904_c1065_h1_k10_bmedium,2904,0.0031405612826347,0.0031405612826347,0.0
Source seed 2904,seed2904_c1065_h1_k20_bmedium,2904,0.0037249617744237,0.0037249617744237,0.0
Source seed 2904,seed2904_c1065_h4_k10_bmedium,2904,0.0047388193197548,0.0047388193197548,0.0
Source seed 2904,seed2904_c1065_h4_k20_bmedium,2904,0.0055454657413065,0.0055454657413065,0.0
Source seed 2904,seed2904_c1066_h1_k10_btight,2904,0.000773228413891,0.000773228413891,0.0
Source seed 2904,seed2904_c1066_h1_k20_btight,2904,0.000789413228631,0.000789413228631,0.0
Source seed 2904,seed2904_c1066_h4_k10_btight,2904,0.0010354368714615,0.0010354368714615,0.0
Source seed 2904,seed2904_c1066_h4_k20_btight,2904,0.0010412194533273,0.0010412194533273,0.0
Source seed 2904,seed2904_c1067_h1_k10_bmedium,2904,0.0005915082874707,0.0013574379263445,56.42465290270038
Source seed 2904,seed2904_c1067_h1_k20_bmedium,2904,0.0004877453611698,0.0009836368262767,50.41408082288519
Source seed 2904,seed2904_c1067_h4_k10_bmedium,2904,0.0005966197932139,0.001579976058565,62.23868136469515
Source seed 2904,seed2904_c1067_h4_k20_bmedium,2904,0.0006428816122934,0.0011445975396782,43.83339204865919
Source seed 2904,seed2904_c1068_h1_k10_btight,2904,0.0083630243316292,0.0083630243316292,0.0
Source seed 2904,seed2904_c1068_h1_k20_btight,2904,0.0083371503278613,0.0083371503278613,0.0
Source seed 2904,seed2904_c1068_h4_k10_btight,2904,0.0111051937565207,0.0111051937565207,0.0
Source seed 2904,seed2904_c1068_h4_k20_btight,2904,0.0121819823980331,0.0121819823980331,0.0
Source seed 2904,seed2904_c1069_h1_k10_bloose,2904,0.0041310950182378,0.0049050915986299,15.779452119722164
Source seed 2904,seed2904_c1069_h1_k20_bloose,2904,0.0027276370674371,0.0032416442409157,15.856372109939828
Source seed 2904,seed2904_c1069_h4_k10_bloose,2904,0.007163549773395,0.007163549773395,0.0
Source seed 2904,seed2904_c1069_h4_k20_bloose,2904,0.0052222991362214,0.0052222991362214,0.0
Source seed 2904,seed2904_c1070_h1_k10_bloose,2904,0.0037730173207819,0.0037730173207819,0.0
Source seed 2904,seed2904_c1070_h1_k20_bloose,2904,0.0028173737227916,0.0048494637012481,41.903395988188095
Source seed 2904,seed2904_c1070_h4_k10_bloose,2904,0.0034899229649454,0.0057804086245596,39.624978232268965
Source seed 2904,seed2904_c1070_h4_k20_bloose,2904,0.0035072183236479,0.0081872167065739,57.162263441696105
Source seed 2904,seed2904_c1071_h1_k10_btight,2904,0.0049545476213097,0.0049545476213097,0.0
Source seed 2904,seed2904_c1071_h1_k20_btight,2904,0.0047441385686397,0.0047441385686397,0.0
Source seed 2904,seed2904_c1071_h4_k10_btight,2904,0.0090506505221128,0.0090506505221128,0.0
Source seed 2904,seed2904_c1071_h4_k20_btight,2904,0.0075855087488889,0.0075855087488889,0.0
Source seed 2904,seed2904_c1072_h1_k10_bmedium,2904,0.0030635299626737,0.003644642420113,15.944292753466597
Source seed 2904,seed2904_c1072_h1_k20_bmedium,2904,0.0021559500601142,0.0021559500601142,0.0
Source seed 2904,seed2904_c1072_h4_k10_bmedium,2904,0.0037453842815011,0.005992550868541,37.49933268754962
Source seed 2904,seed2904_c1072_h4_k20_bmedium,2904,0.0026794201694428,0.0032593121286481,17.79185104520408
Source seed 2904,seed2904_c1073_h1_k10_bmedium,2904,0.0063682505860924,0.0053977943025529,-17.978756302380017
Source seed 2904,seed2904_c1073_h1_k20_bmedium,2904,0.005738356616348,0.005738356616348,0.0
Source seed 2904,seed2904_c1073_h4_k10_bmedium,2904,0.0082490872591733,0.0075067947618663,-9.888274833074448
Source seed 2904,seed2904_c1073_h4_k20_bmedium,2904,0.0072412658482789,0.0072412658482789,0.0
Source seed 2904,seed2904_c1074_h1_k10_btight,2904,0.0022538909688591,0.0030164755880832,25.28064944347279
Source seed 2904,seed2904_c1074_h1_k20_btight,2904,0.0030280363280326,0.0030280363280326,0.0
Source seed 2904,seed2904_c1074_h4_k10_btight,2904,0.0036265857052057,0.0036265857052057,0.0
Source seed 2904,seed2904_c1074_h4_k20_btight,2904,0.0030049702618271,0.0030049702618271,0.0
Source seed 2904,seed2904_c1075_h1_k10_bmedium,2904,0.0011173372622579,0.0011173372622579,0.0
Source seed 2904,seed2904_c1075_h1_k20_bmedium,2904,0.0010091355070471,0.0010422737104818,3.1794146844146005
Source seed 2904,seed2904_c1075_h4_k10_bmedium,2904,0.0016704279696568,0.0020517648663371,18.585799121085536
Source seed 2904,seed2904_c1075_h4_k20_bmedium,2904,0.0013966574333608,0.0015445461031049,9.574895132692342
Source seed 2904,seed2904_c1076_h1_k10_bloose,2904,0.000987590290606,0.0013235379010438,25.382545518271765
Source seed 2904,seed2904_c1076_h1_k20_bloose,2904,0.000916477642022,0.0011612172238528,21.07612396653936
Source seed 2904,seed2904_c1076_h4_k10_bloose,2904,0.0010400281753391,0.0018035456305369,42.33424659997122
Source seed 2904,seed2904_c1076_h4_k20_bloose,2904,0.0011016227072104,0.0015324013074859,28.11134380334893
Source seed 2904,seed2904_c1077_h1_k10_bmedium,2904,0.0127901248633861,0.0122606623917818,-4.318383906533929
Source seed 2904,seed2904_c1077_h1_k20_bmedium,2904,0.0084410263225436,0.0084410263225436,0.0
Source seed 2904,seed2904_c1077_h4_k10_bmedium,2904,0.0116565134376287,0.0172243677079677,32.32544941223093
Source seed 2904,seed2904_c1077_h4_k20_bmedium,2904,0.0111315166577696,0.011946428567171,6.821385192664097
Source seed 2904,seed2904_c1078_h1_k10_btight,2904,0.0062454813160002,0.0062454813160002,0.0
Source seed 2904,seed2904_c1078_h1_k20_btight,2904,0.0059261452406644,0.0059261452406644,0.0
Source seed 2904,seed2904_c1078_h4_k10_btight,2904,0.0084742000326514,0.0084742000326514,0.0
Source seed 2904,seed2904_c1078_h4_k20_btight,2904,0.007784673012793,0.007784673012793,0.0
Source seed 2904,seed2904_c1079_h1_k10_bmedium,2904,0.009059740230441,0.0100472047924995,9.828251562039725
Source seed 2904,seed2904_c1079_h1_k20_bmedium,2904,0.007746850606054,0.007746850606054,0.0
Source seed 2904,seed2904_c1079_h4_k10_bmedium,2904,0.0171987675130367,0.0171987675130367,0.0
Source seed 2904,seed2904_c1079_h4_k20_bmedium,2904,0.0106369536370038,0.0106369536370038,0.0
Source seed 2905,seed2905_c1060_h1_k10_btight,2905,0.0039496840909123,0.0039496840909123,0.0
Source seed 2905,seed2905_c1060_h1_k20_btight,2905,0.0050238659605383,0.0050238659605383,0.0
Source seed 2905,seed2905_c1060_h4_k10_btight,2905,0.0073058377020061,0.0073058377020061,0.0
Source seed 2905,seed2905_c1060_h4_k20_btight,2905,0.0073007331229746,0.0073007331229746,0.0
Source seed 2905,seed2905_c1061_h1_k10_btight,2905,0.0083115417510271,0.0083115417510271,0.0
Source seed 2905,seed2905_c1061_h1_k20_btight,2905,0.0078773349523544,0.0078773349523544,0.0
Source seed 2905,seed2905_c1061_h4_k10_btight,2905,0.0095809260383248,0.0107189202681183,10.616687140328429
Source seed 2905,seed2905_c1061_h4_k20_btight,2905,0.0097140474244952,0.0097140474244952,0.0
Source seed 2905,seed2905_c1062_h1_k10_btight,2905,0.0035371547564864,0.0035371547564864,0.0
Source seed 2905,seed2905_c1062_h1_k20_btight,2905,0.0022315024398267,0.0028673296328634,22.17489002755397
Source seed 2905,seed2905_c1062_h4_k10_btight,2905,0.0056642163544893,0.0056642163544893,0.0
Source seed 2905,seed2905_c1062_h4_k20_btight,2905,0.0042732479050755,0.0042732479050755,0.0
Source seed 2905,seed2905_c1063_h1_k10_bloose,2905,0.01044737175107,0.0125773893669247,16.935292003337157
Source seed 2905,seed2905_c1063_h1_k20_bloose,2905,0.006092332303524,0.0071039833128452,14.240616350401142
Source seed 2905,seed2905_c1063_h4_k10_bloose,2905,0.0150099182501435,0.0185877662152051,19.248402005090984
Source seed 2905,seed2905_c1063_h4_k20_bloose,2905,0.008571583777666,0.0092047052457928,6.878237283560689
Source seed 2905,seed2905_c1064_h1_k10_bmedium,2905,0.0005453739431686,0.0012423789594322,56.10244848488699
Source seed 2905,seed2905_c1064_h1_k20_bmedium,2905,0.0007868190295994,0.0007868190295994,0.0
Source seed 2905,seed2905_c1064_h4_k10_bmedium,2905,0.0005597569979727,0.0014165114844217,60.48341261376713
Source seed 2905,seed2905_c1064_h4_k20_bmedium,2905,0.0009195161401294,0.0009195161401294,0.0
Source seed 2905,seed2905_c1065_h1_k10_bmedium,2905,0.0031578368507325,0.0037886321078985,16.649683554242188
Source seed 2905,seed2905_c1065_h1_k20_bmedium,2905,0.0036903796717524,0.00477035343647,22.63928194994175
Source seed 2905,seed2905_c1065_h4_k10_bmedium,2905,0.0043568750843405,0.005309822037816,17.946871787965943
Source seed 2905,seed2905_c1065_h4_k20_bmedium,2905,0.0048307864926755,0.0061643803492188,21.63386716551255
Source seed 2905,seed2905_c1066_h1_k10_btight,2905,0.0008155314717441,0.0008155314717441,0.0
Source seed 2905,seed2905_c1066_h1_k20_btight,2905,0.0007406959193758,0.0007925856625661,6.546893992100273
Source seed 2905,seed2905_c1066_h4_k10_btight,2905,0.0010996325872838,0.0010996325872838,0.0
Source seed 2905,seed2905_c1066_h4_k20_btight,2905,0.0011102324351668,0.0011102324351668,0.0
Source seed 2905,seed2905_c1067_h1_k10_bmedium,2905,0.0005512771895155,0.0011104826116934,50.35697234570608
Source seed 2905,seed2905_c1067_h1_k20_bmedium,2905,0.0007536849589087,0.0007536849589087,0.0
Source seed 2905,seed2905_c1067_h4_k10_bmedium,2905,0.000818598549813,0.0012590992264449,34.98538217085703
Source seed 2905,seed2905_c1067_h4_k20_bmedium,2905,0.0005779411294497,0.0009850969072431,41.3315455958052
Source seed 2905,seed2905_c1068_h1_k10_btight,2905,0.0086888903751969,0.0086888903751969,0.0
Source seed 2905,seed2905_c1068_h1_k20_btight,2905,0.008623850531876,0.008623850531876,0.0
Source seed 2905,seed2905_c1068_h4_k10_btight,2905,0.0113058444112539,0.0113058444112539,0.0
Source seed 2905,seed2905_c1068_h4_k20_btight,2905,0.0120412735268473,0.0120412735268473,0.0
Source seed 2905,seed2905_c1069_h1_k10_bloose,2905,0.0050404639914631,0.0097508979961276,48.30769438929634
Source seed 2905,seed2905_c1069_h1_k20_bloose,2905,0.0034533001016825,0.005425872746855,36.35493747899419
Source seed 2905,seed2905_c1069_h4_k10_bloose,2905,0.0067714010365307,0.0080176796764135,15.544131095604536
Source seed 2905,seed2905_c1069_h4_k20_bloose,2905,0.0057943994179368,0.0057943994179368,0.0
Source seed 2905,seed2905_c1070_h1_k10_bloose,2905,0.0040208888240158,0.0040208888240158,0.0
Source seed 2905,seed2905_c1070_h1_k20_bloose,2905,0.0031500793993473,0.0062166801653802,49.328591530526026
Source seed 2905,seed2905_c1070_h4_k10_bloose,2905,0.0037754392251372,0.0057135568931698,33.92138564350875
Source seed 2905,seed2905_c1070_h4_k20_bloose,2905,0.0032957748044282,0.007702836766839,57.21349283696655
Source seed 2905,seed2905_c1071_h1_k10_btight,2905,0.0050701485015451,0.0050701485015451,0.0
Source seed 2905,seed2905_c1071_h1_k20_btight,2905,0.0046969046816229,0.0046969046816229,0.0
Source seed 2905,seed2905_c1071_h4_k10_btight,2905,0.0083368131890892,0.0098318336531519,15.20591699017754
Source seed 2905,seed2905_c1071_h4_k20_btight,2905,0.0069437380880117,0.0082059698179364,15.381871464015171
Source seed 2905,seed2905_c1072_h1_k10_bmedium,2905,0.0033403325360268,0.0057330266572535,41.73526941100206
Source seed 2905,seed2905_c1072_h1_k20_bmedium,2905,0.0022934062872081,0.0029180969577282,21.407467927053155
Source seed 2905,seed2905_c1072_h4_k10_bmedium,2905,0.004141520243138,0.0065607335418462,36.87412821918479
Source seed 2905,seed2905_c1072_h4_k20_bmedium,2905,0.0026475980412214,0.0034599013160914,23.477642869675407
Source seed 2905,seed2905_c1073_h1_k10_bmedium,2905,0.0071323858574032,0.005908568855375,-20.71257916725112
Source seed 2905,seed2905_c1073_h1_k20_bmedium,2905,0.006317522842437,0.006317522842437,0.0
Source seed 2905,seed2905_c1073_h4_k10_bmedium,2905,0.0069112195633351,0.0071811093948781,3.758330595797378
Source seed 2905,seed2905_c1073_h4_k20_bmedium,2905,0.0071725123561918,0.0071725123561918,0.0
Source seed 2905,seed2905_c1074_h1_k10_btight,2905,0.0021579745225608,0.0021579745225608,0.0
Source seed 2905,seed2905_c1074_h1_k20_btight,2905,0.0019985097460448,0.0019985097460448,0.0
Source seed 2905,seed2905_c1074_h4_k10_btight,2905,0.0035135669168084,0.0035135669168084,0.0
Source seed 2905,seed2905_c1074_h4_k20_btight,2905,0.002882479224354,0.002882479224354,0.0
Source seed 2905,seed2905_c1075_h1_k10_bmedium,2905,0.0010589393787086,0.001248208922334,15.163290382500064
Source seed 2905,seed2905_c1075_h1_k20_bmedium,2905,0.0008736719028092,0.0008736719028092,0.0
Source seed 2905,seed2905_c1075_h4_k10_bmedium,2905,0.0021011948119848,0.0021153253037482,0.6680056127364794
Source seed 2905,seed2905_c1075_h4_k20_bmedium,2905,0.0014073252677917,0.0014644870534539,3.903195012091705
Source seed 2905,seed2905_c1076_h1_k10_bloose,2905,0.0009735908242873,0.0011761029018089,17.21890805964919
Source seed 2905,seed2905_c1076_h1_k20_bloose,2905,0.00098190351855,0.00098190351855,0.0
Source seed 2905,seed2905_c1076_h4_k10_bloose,2905,0.0010350104421377,0.0019697367679327,47.45437768831926
Source seed 2905,seed2905_c1076_h4_k20_bloose,2905,0.0011981439311057,0.0015268184943124,21.526760660537363
Source seed 2905,seed2905_c1077_h1_k10_bmedium,2905,0.0114443488419055,0.0122423097491264,6.518058466970249
Source seed 2905,seed2905_c1077_h1_k20_bmedium,2905,0.0078483121469616,0.0097753694280982,19.713395950032016
Source seed 2905,seed2905_c1077_h4_k10_bmedium,2905,0.0129970218986272,0.0173126887530088,24.92776781065995
Source seed 2905,seed2905_c1077_h4_k20_bmedium,2905,0.0118440734222531,0.0119399996474385,0.803402244638585
Source seed 2905,seed2905_c1078_h1_k10_btight,2905,0.0089434906840324,0.0089434906840324,0.0
Source seed 2905,seed2905_c1078_h1_k20_btight,2905,0.0069795795716345,0.0069795795716345,0.0
Source seed 2905,seed2905_c1078_h4_k10_btight,2905,0.0082019716501235,0.0082019716501235,0.0
Source seed 2905,seed2905_c1078_h4_k20_btight,2905,0.0076292608864605,0.0077546439133584,1.616876652011691
Source seed 2905,seed2905_c1079_h1_k10_bmedium,2905,0.0109045291319489,0.0155758159235119,29.990639425904707
Source seed 2905,seed2905_c1079_h1_k20_bmedium,2905,0.0080481814220547,0.0100721772760152,20.09491888689524
Source seed 2905,seed2905_c1079_h4_k10_bmedium,2905,0.0116448039188981,0.0170681029558181,31.774468730595697
Source seed 2905,seed2905_c1079_h4_k20_bmedium,2905,0.0088044414296746,0.0108276605606079,18.68565346522865
Source seed 2906,seed2906_c1060_h1_k10_btight,2906,0.0036230909172445,0.0036230909172445,0.0
Source seed 2906,seed2906_c1060_h1_k20_btight,2906,0.0045229401439428,0.0045229401439428,0.0
Source seed 2906,seed2906_c1060_h4_k10_btight,2906,0.0077891061082482,0.0077891061082482,0.0
Source seed 2906,seed2906_c1060_h4_k20_btight,2906,0.007718785200268,0.007718785200268,0.0
Source seed 2906,seed2906_c1061_h1_k10_btight,2906,0.0086753815412521,0.0086753815412521,0.0
Source seed 2906,seed2906_c1061_h1_k20_btight,2906,0.0074957716278731,0.0074957716278731,0.0
Source seed 2906,seed2906_c1061_h4_k10_btight,2906,0.0098678162321448,0.0098678162321448,0.0
Source seed 2906,seed2906_c1061_h4_k20_btight,2906,0.0096660275012254,0.0096660275012254,0.0
Source seed 2906,seed2906_c1062_h1_k10_btight,2906,0.0030851452611386,0.0030851452611386,0.0
Source seed 2906,seed2906_c1062_h1_k20_btight,2906,0.002399327699095,0.002399327699095,0.0
Source seed 2906,seed2906_c1062_h4_k10_btight,2906,0.005456150509417,0.005456150509417,0.0
Source seed 2906,seed2906_c1062_h4_k20_btight,2906,0.0042347349226474,0.0042347349226474,0.0
Source seed 2906,seed2906_c1063_h1_k10_bloose,2906,0.0102264080196619,0.0102264080196619,0.0
Source seed 2906,seed2906_c1063_h1_k20_bloose,2906,0.0056100729852914,0.0056100729852914,0.0
Source seed 2906,seed2906_c1063_h4_k10_bloose,2906,0.0144623154774308,0.018073720857501,19.981526816441757
Source seed 2906,seed2906_c1063_h4_k20_bloose,2906,0.0089688636362552,0.0089688636362552,0.0
Source seed 2906,seed2906_c1064_h1_k10_bmedium,2906,0.0005828859866596,0.0010239494731649,43.07473148174467
Source seed 2906,seed2906_c1064_h1_k20_bmedium,2906,0.0006844400195404,0.0006844400195404,0.0
Source seed 2906,seed2906_c1064_h4_k10_bmedium,2906,0.0006186643149703,0.0019695989321917,68.58932518978214
Source seed 2906,seed2906_c1064_h4_k20_bmedium,2906,0.0005711806006729,0.001053073327057,45.76060503528304
Source seed 2906,seed2906_c1065_h1_k10_bmedium,2906,0.0027092949021607,0.0037038021255284,26.85098148857739
Source seed 2906,seed2906_c1065_h1_k20_bmedium,2906,0.0029828799888491,0.0042594266124069,29.96991706676548
Source seed 2906,seed2906_c1065_h4_k10_bmedium,2906,0.004525673110038,0.004525673110038,0.0
Source seed 2906,seed2906_c1065_h4_k20_bmedium,2906,0.0053036203607916,0.0053036203607916,0.0
Source seed 2906,seed2906_c1066_h1_k10_btight,2906,0.0008147690678015,0.0008147690678015,0.0
Source seed 2906,seed2906_c1066_h1_k20_btight,2906,0.0007548403809778,0.0007548403809778,0.0
Source seed 2906,seed2906_c1066_h4_k10_btight,2906,0.0011741996277123,0.0011741996277123,0.0
Source seed 2906,seed2906_c1066_h4_k20_btight,2906,0.0011749995173886,0.0011749995173886,0.0
Source seed 2906,seed2906_c1067_h1_k10_bmedium,2906,0.0004888136172667,0.0013856273144483,64.72257635101933
Source seed 2906,seed2906_c1067_h1_k20_bmedium,2906,0.0005314648733474,0.0008742930367588,39.2120431715034
Source seed 2906,seed2906_c1067_h4_k10_bmedium,2906,0.0006406189640983,0.001479611149989,56.7035592648675
Source seed 2906,seed2906_c1067_h4_k20_bmedium,2906,0.0006538302986882,0.0011603294406086,43.651322095057225
Source seed 2906,seed2906_c1068_h1_k10_btight,2906,0.0083950515836477,0.0083950515836477,0.0
Source seed 2906,seed2906_c1068_h1_k20_btight,2906,0.0089175580069422,0.0089175580069422,0.0
Source seed 2906,seed2906_c1068_h4_k10_btight,2906,0.0114504927769303,0.0114504927769303,0.0
Source seed 2906,seed2906_c1068_h4_k20_btight,2906,0.012411936186254,0.012411936186254,0.0
Source seed 2906,seed2906_c1069_h1_k10_bloose,2906,0.0063320505432784,0.0063320505432784,0.0
Source seed 2906,seed2906_c1069_h1_k20_bloose,2906,0.0038828398101031,0.0038828398101031,0.0
Source seed 2906,seed2906_c1069_h4_k10_bloose,2906,0.0059590241871774,0.0080019617453217,25.530458941314045
Source seed 2906,seed2906_c1069_h4_k20_bloose,2906,0.0055413516238331,0.0055413516238331,0.0
Source seed 2906,seed2906_c1070_h1_k10_bloose,2906,0.0041055777110159,0.0041055777110159,0.0
Source seed 2906,seed2906_c1070_h1_k20_bloose,2906,0.0032569479662925,0.0058272155001759,44.107988341340096
Source seed 2906,seed2906_c1070_h4_k10_bloose,2906,0.0033359825611114,0.005902262404561,43.47959590938677
Source seed 2906,seed2906_c1070_h4_k20_bloose,2906,0.00324168195948,0.0080213146284222,59.586649941525465
Source seed 2906,seed2906_c1071_h1_k10_btight,2906,0.0053508095443248,0.0061444994062185,12.91707931424374
Source seed 2906,seed2906_c1071_h1_k20_btight,2906,0.0047609405592083,0.0056361076422035,15.527863170791578
Source seed 2906,seed2906_c1071_h4_k10_btight,2906,0.0086173247545957,0.0086173247545957,0.0
Source seed 2906,seed2906_c1071_h4_k20_btight,2906,0.0072528696618974,0.0072528696618974,0.0
Source seed 2906,seed2906_c1072_h1_k10_bmedium,2906,0.003597761504352,0.003597761504352,0.0
Source seed 2906,seed2906_c1072_h1_k20_bmedium,2906,0.001966661773622,0.001966661773622,0.0
Source seed 2906,seed2906_c1072_h4_k10_bmedium,2906,0.0041318465955555,0.0068298992700874,39.50355001505525
Source seed 2906,seed2906_c1072_h4_k20_bmedium,2906,0.0026442187372595,0.0037504662759602,29.496266784121712
Source seed 2906,seed2906_c1073_h1_k10_bmedium,2906,0.006093543022871,0.0057466905564069,-6.035690681430212
Source seed 2906,seed2906_c1073_h1_k20_bmedium,2906,0.0063171503134071,0.0063171503134071,0.0
Source seed 2906,seed2906_c1073_h4_k10_bmedium,2906,0.0068847937509417,0.0072592138312757,5.157859914102718
Source seed 2906,seed2906_c1073_h4_k20_bmedium,2906,0.0070083453319966,0.0070083453319966,0.0
Source seed 2906,seed2906_c1074_h1_k10_btight,2906,0.0019282246939837,0.0022531927097588,14.422557565687976
Source seed 2906,seed2906_c1074_h1_k20_btight,2906,0.0024359156377613,0.0024359156377613,0.0
Source seed 2906,seed2906_c1074_h4_k10_btight,2906,0.0034741936251521,0.0034741936251521,0.0
Source seed 2906,seed2906_c1074_h4_k20_btight,2906,0.0028274122159928,0.0032650062348693,13.402547721628965
Source seed 2906,seed2906_c1075_h1_k10_bmedium,2906,0.0009707160061225,0.0009707160061225,0.0
Source seed 2906,seed2906_c1075_h1_k20_bmedium,2906,0.000889484945219,0.000889484945219,0.0
Source seed 2906,seed2906_c1075_h4_k10_bmedium,2906,0.0021777967922389,0.0021777967922389,0.0
Source seed 2906,seed2906_c1075_h4_k20_bmedium,2906,0.0013194946805015,0.0015074741095304,12.469828019983852
Source seed 2906,seed2906_c1076_h1_k10_bloose,2906,0.0010640057735145,0.0012172332499176,12.588177022571864
Source seed 2906,seed2906_c1076_h1_k20_bloose,2906,0.0009142189519479,0.0009142189519479,0.0
Source seed 2906,seed2906_c1076_h4_k10_bloose,2906,0.0010101811494678,0.0019506582757458,48.2133204718428
Source seed 2906,seed2906_c1076_h4_k20_bloose,2906,0.0010649663163349,0.0015458361012861,31.10742362919711
Source seed 2906,seed2906_c1077_h1_k10_bmedium,2906,0.0157191567122936,0.0132092349231243,-19.001265429728917
Source seed 2906,seed2906_c1077_h1_k20_bmedium,2906,0.00973985157907,0.009080029092729,-7.26674418693978
Source seed 2906,seed2906_c1077_h4_k10_bmedium,2906,0.0118820536881685,0.0176387745887041,32.63673942460735
Source seed 2906,seed2906_c1077_h4_k20_bmedium,2906,0.0123580070212483,0.0127610582858324,3.158447015322828
Source seed 2906,seed2906_c1078_h1_k10_btight,2906,0.0070636090822517,0.0070636090822517,0.0
Source seed 2906,seed2906_c1078_h1_k20_btight,2906,0.0064369039610028,0.0064369039610028,0.0
Source seed 2906,seed2906_c1078_h4_k10_btight,2906,0.0083301179111003,0.0083301179111003,0.0
Source seed 2906,seed2906_c1078_h4_k20_btight,2906,0.0079973805695772,0.0079973805695772,0.0
Source seed 2906,seed2906_c1079_h1_k10_bmedium,2906,0.0083696385845541,0.0120605882257223,30.60339654901891
Source seed 2906,seed2906_c1079_h1_k20_bmedium,2906,0.0071497792378067,0.0089559582993388,20.16734559230462
Source seed 2906,seed2906_c1079_h4_k10_bmedium,2906,0.0141029134392738,0.0141029134392738,0.0
Source seed 2906,seed2906_c1079_h4_k20_bmedium,2906,0.0092638852074742,0.0092638852074742,0.0
Alibaba,m02c636f499_h1_k10_test,,0.0001204425425385,0.0001204425425385,0.0
Alibaba,m02c636f499_h1_k20_test,,0.0001214951844303,0.0001214951844303,0.0
Alibaba,m02c636f499_h4_k10_test,,0.0001336236600764,0.0001336236600764,0.0
Alibaba,m02c636f499_h4_k20_test,,0.000127155057271,0.000127155057271,0.0
Alibaba,m02cc3af4e2_h1_k10_test,,0.0043929582461714,0.0043929582461714,0.0
Alibaba,m02cc3af4e2_h1_k20_test,,0.0045287809334695,0.0045287809334695,0.0
Alibaba,m02cc3af4e2_h4_k10_test,,0.0114405835047364,0.0114405835047364,0.0
Alibaba,m02cc3af4e2_h4_k20_test,,0.0113196643069386,0.0113196643069386,0.0
Alibaba,m02dc2f67e4_h1_k10_test,,0.0003806092427112,0.0005010257591493,24.033997054808825
Alibaba,m02dc2f67e4_h1_k20_test,,0.000372603390133,0.0004798739391844,22.353901737241017
Alibaba,m02dc2f67e4_h4_k10_test,,0.0007192344055511,0.0006051187519915,-18.85838986073547
Alibaba,m02dc2f67e4_h4_k20_test,,0.000670880835969,0.000670880835969,0.0
Alibaba,m02e3fbf279_h1_k10_test,,0.0046655945479869,0.0046655945479869,0.0
Alibaba,m02e3fbf279_h1_k20_test,,0.0045840642414987,0.0045840642414987,0.0
Alibaba,m02e3fbf279_h4_k10_test,,0.005297933705151,0.005297933705151,0.0
Alibaba,m02e3fbf279_h4_k20_test,,0.0051604975014925,0.0051604975014925,0.0
Alibaba,m02fc23faaa_h1_k10_test,,0.0009450263460166,0.0011771513381972,19.71921404251246
Alibaba,m02fc23faaa_h1_k20_test,,0.0008697542361915,0.0008697542361915,0.0
Alibaba,m02fc23faaa_h4_k10_test,,0.0009361894335597,0.0009361894335597,0.0
Alibaba,m02fc23faaa_h4_k20_test,,0.0008856318891048,0.0008856318891048,0.0
Alibaba,m02fd36ba97_h1_k10_test,,0.0001333458931185,0.0001822775229811,26.844576771677023
Alibaba,m02fd36ba97_h1_k20_test,,0.0001328619691776,0.0001810545800253,26.617725204649474
Alibaba,m02fd36ba97_h4_k10_test,,0.0002883548731915,0.0002883548731915,0.0
Alibaba,m02fd36ba97_h4_k20_test,,0.0002887368900701,0.0002887368900701,0.0
Alibaba,m0303c3a184_h1_k10_test,,0.0006126249209046,0.000649758556392,5.714989831984957
Alibaba,m0303c3a184_h1_k20_test,,0.000618576828856,0.0006486912025138,4.642328043717392
Alibaba,m0303c3a184_h4_k10_test,,0.001117460662499,0.001117460662499,0.0
Alibaba,m0303c3a184_h4_k20_test,,0.0008449943270534,0.0008449943270534,0.0
Alibaba,m03125411ad_h1_k10_test,,0.0003717188374139,0.0004167679580859,10.809161234669912
Alibaba,m03125411ad_h1_k20_test,,0.0003718297230079,0.000423549558036,12.211046836116
Alibaba,m03125411ad_h4_k10_test,,0.0007290516514331,0.0007221843698062,-0.9509042156705468
Alibaba,m03125411ad_h4_k20_test,,0.0006536155706271,0.0006846372853033,4.531116738276442
Alibaba,m03141ae056_h1_k10_test,,0.0032405874226242,0.0034826165065169,6.949633511766332
Alibaba,m03141ae056_h1_k20_test,,0.0031703887507319,0.0033536804839968,5.465390459374494
Alibaba,m03141ae056_h4_k10_test,,0.0043293270282447,0.0043293270282447,0.0
Alibaba,m03141ae056_h4_k20_test,,0.0039705885574221,0.0039705885574221,0.0
Alibaba,m0329222b5b_h1_k10_test,,0.0001271445507882,0.0001271445507882,0.0
Alibaba,m0329222b5b_h1_k20_test,,0.0001374015409965,0.0001374015409965,0.0
Alibaba,m0329222b5b_h4_k10_test,,0.0001688720658421,0.0002991815854329,43.5553274332305
Alibaba,m0329222b5b_h4_k20_test,,0.0002158185088774,0.0002158185088774,0.0
Alibaba,m038aaf2c43_h1_k10_test,,0.0002891510957852,0.0002891510957852,0.0
Alibaba,m038aaf2c43_h1_k20_test,,0.0003115416911896,0.0003115416911896,0.0
Alibaba,m038aaf2c43_h4_k10_test,,0.0005757868057116,0.0005757868057116,0.0
Alibaba,m038aaf2c43_h4_k20_test,,0.0006985164945945,0.0006985164945945,0.0
Alibaba,m03afa7534c_h1_k10_test,,0.0005746119422838,0.0009919356089085,42.07164885059486
Alibaba,m03afa7534c_h1_k20_test,,0.0007531936280429,0.0007531936280429,0.0
Alibaba,m03afa7534c_h4_k10_test,,0.0007109582074917,0.0007393507403321,3.840198062047478
Alibaba,m03afa7534c_h4_k20_test,,0.0006945914356037,0.0006945914356037,0.0
Alibaba,m03ca73436e_h1_k10_test,,0.0009497703285887,0.0012957218568772,26.6995209029814
Alibaba,m03ca73436e_h1_k20_test,,0.0009459155844524,0.0011232546530663,15.78796651070575
Alibaba,m03ca73436e_h4_k10_test,,0.0029508762527257,0.0027539974544197,-7.148837335290216
Alibaba,m03ca73436e_h4_k20_test,,0.0030568700749427,0.0026336750015616,-16.06861412169102
Alibaba,m03d7db6af5_h1_k10_test,,0.0003208990383427,0.0003515127173159,8.709124130653404
Alibaba,m03d7db6af5_h1_k20_test,,0.0002788063138723,0.0002955786767415,5.674415691072707
Alibaba,m03d7db6af5_h4_k10_test,,0.0004940329235978,0.0004940329235978,0.0
Alibaba,m03d7db6af5_h4_k20_test,,0.0005957202520221,0.0005957202520221,0.0
Alibaba,m04024519cb_h1_k10_test,,0.0001574789348524,0.000169611084857,7.152922784094912
Alibaba,m04024519cb_h1_k20_test,,0.0001623539283173,0.0001623539283173,0.0
Alibaba,m04024519cb_h4_k10_test,,0.0003516907454468,0.0003516907454468,0.0
Alibaba,m04024519cb_h4_k20_test,,0.0004532039747573,0.0004532039747573,0.0
Alibaba,m0408d28c8b_h1_k10_test,,0.0002852363104466,0.0003129628312308,8.859365371460084
Alibaba,m0408d28c8b_h1_k20_test,,0.0002723952929954,0.0003110626712441,12.430735571607867
Alibaba,m0408d28c8b_h4_k10_test,,0.0004907843540422,0.0004907843540422,0.0
Alibaba,m0408d28c8b_h4_k20_test,,0.0004919821512885,0.0004919821512885,0.0
Alibaba,m041b400959_h1_k10_test,,0.0002371317532379,0.0002371317532379,0.0
Alibaba,m041b400959_h1_k20_test,,0.0002352041919948,0.0002352041919948,0.0
Alibaba,m041b400959_h4_k10_test,,0.000257112638792,0.000257112638792,0.0
Alibaba,m041b400959_h4_k20_test,,0.0002448236045893,0.0002448236045893,0.0
Alibaba,m0420632506_h1_k10_test,,0.006768908817321,0.006768908817321,0.0
Alibaba,m0420632506_h1_k20_test,,0.0067681479267776,0.0067681479267776,0.0
Alibaba,m0420632506_h4_k10_test,,0.0093531180173158,0.0093531180173158,0.0
Alibaba,m0420632506_h4_k20_test,,0.0093894405290484,0.0093894405290484,0.0
Alibaba,m042163eec0_h1_k10_test,,0.0005286724190227,0.0006518148584291,18.89224181145772
Alibaba,m042163eec0_h1_k20_test,,0.0005342245567589,0.0007180855027399,25.60432497570209
Alibaba,m042163eec0_h4_k10_test,,0.0011019434314221,0.0011019434314221,0.0
Alibaba,m042163eec0_h4_k20_test,,0.0011381459189578,0.0011381459189578,0.0
Alibaba,m042924f710_h1_k10_test,,0.0001401704648742,0.0001401704648742,0.0
Alibaba,m042924f710_h1_k20_test,,0.0001277818955713,0.0001277818955713,0.0
Alibaba,m042924f710_h4_k10_test,,0.0001467800757382,0.0001467800757382,0.0
Alibaba,m042924f710_h4_k20_test,,0.0001483509258832,0.0001483509258832,0.0
Alibaba,m04295e7447_h1_k10_test,,0.000919485988561,0.000919485988561,0.0
Alibaba,m04295e7447_h1_k20_test,,0.0008670025854371,0.0008670025854371,0.0
Alibaba,m04295e7447_h4_k10_test,,0.0011093063512817,0.0011093063512817,0.0
Alibaba,m04295e7447_h4_k20_test,,0.0011070134351029,0.0011070134351029,0.0
Alibaba,m044102baf5_h1_k10_test,,8.396362682105973e-05,6.811437924625352e-05,-23.26857782087501
Alibaba,m044102baf5_h1_k20_test,,5.894763307878748e-05,5.894763307878748e-05,0.0
Alibaba,m044102baf5_h4_k10_test,,5.375843829824589e-05,5.375843829824589e-05,0.0
Alibaba,m044102baf5_h4_k20_test,,5.609652725979686e-05,5.609652725979686e-05,0.0
Alibaba,m0452d23ca0_h1_k10_test,,0.001396398525685,0.0023910193704068,41.59819266276221
Alibaba,m0452d23ca0_h1_k20_test,,0.0013504471862688,0.0023066967260092,41.45536465819718
Alibaba,m0452d23ca0_h4_k10_test,,0.0013723572483286,0.0019495654851198,29.607019661596453
Alibaba,m0452d23ca0_h4_k20_test,,0.0014195502735674,0.0018895840039476,24.874984607696916
Alibaba,m04640d15e0_h1_k10_test,,0.0007953880704008,0.0007953880704008,0.0
Alibaba,m04640d15e0_h1_k20_test,,0.0008259970345534,0.0008259970345534,0.0
Alibaba,m04640d15e0_h4_k10_test,,0.0009612160502001,0.0009612160502001,0.0
Alibaba,m04640d15e0_h4_k20_test,,0.0009954437846317,0.0009954437846317,0.0
Alibaba,m0468b61c95_h1_k10_test,,0.0006181678036227,0.0006855999235995,9.835491159967551
Alibaba,m0468b61c95_h1_k20_test,,0.0006168142426759,0.0006898661376908,10.58928550306472
Alibaba,m0468b61c95_h4_k10_test,,0.0011327707907184,0.0011124117299914,-1.8301731418199667
Alibaba,m0468b61c95_h4_k20_test,,0.0010037842439487,0.0010037842439487,0.0
Alibaba,m046c8aace2_h1_k10_test,,0.0011144061572849,0.0012367048766463,9.88907875856153
Alibaba,m046c8aace2_h1_k20_test,,0.0011234410339966,0.0012455090181902,9.800650361643196
Alibaba,m046c8aace2_h4_k10_test,,0.0024946944322437,0.0028529076371341,12.556074374870455
Alibaba,m046c8aace2_h4_k20_test,,0.0025540562346577,0.0025540562346577,0.0
Alibaba,m047a0fdf20_h1_k10_test,,0.000588301802054,0.0006573170539923,10.499537690994794
Alibaba,m047a0fdf20_h1_k20_test,,0.000574394071009,0.0007363489712588,21.99431334208569
Alibaba,m047a0fdf20_h4_k10_test,,0.00151693506632,0.0026674252003431,43.13111135951712
Alibaba,m047a0fdf20_h4_k20_test,,0.0031058792956173,0.0047492776066064,34.603121711753815
Alibaba,m047b9d9210_h1_k10_test,,0.0001085869225789,0.0001085869225789,0.0
Alibaba,m047b9d9210_h1_k20_test,,9.68685926636681e-05,9.68685926636681e-05,0.0
Alibaba,m047b9d9210_h4_k10_test,,8.57090562931262e-05,8.57090562931262e-05,0.0
Alibaba,m047b9d9210_h4_k20_test,,8.645129128126428e-05,8.645129128126428e-05,0.0
Alibaba,m048357bde7_h1_k10_test,,0.0005625490448437,0.0008337271865457,32.526004399621726
Alibaba,m048357bde7_h1_k20_test,,0.0007107380661182,0.0007107380661182,0.0
Alibaba,m048357bde7_h4_k10_test,,0.0009677413036115,0.0009677413036115,0.0
Alibaba,m048357bde7_h4_k20_test,,0.0010252317879348,0.0010252317879348,0.0
Alibaba,m048d350cc0_h1_k10_test,,0.0023243015166372,0.0023243015166372,0.0
Alibaba,m048d350cc0_h1_k20_test,,0.0023069358430802,0.0023069358430802,0.0
Alibaba,m048d350cc0_h4_k10_test,,0.002540664980188,0.002540664980188,0.0
Alibaba,m048d350cc0_h4_k20_test,,0.0025598341599106,0.0025598341599106,0.0
Alibaba,m04b91219d3_h1_k10_test,,0.0005272505222819,0.0006198965711519,14.94540428709352
Alibaba,m04b91219d3_h1_k20_test,,0.0005226223147474,0.0005226223147474,0.0
Alibaba,m04b91219d3_h4_k10_test,,0.0008407394634559,0.0010632650228217,20.92851305932356
Alibaba,m04b91219d3_h4_k20_test,,0.0007368141086772,0.0007368141086772,0.0
Alibaba,m04bfcc727d_h1_k10_test,,0.0003937018627766,0.0003937018627766,0.0
Alibaba,m04bfcc727d_h1_k20_test,,0.000365201558452,0.000365201558452,0.0
Alibaba,m04bfcc727d_h4_k10_test,,0.0005713070277124,0.0006496759597212,12.0627723275686
Alibaba,m04bfcc727d_h4_k20_test,,0.0006136923911981,0.0006136923911981,0.0
Alibaba,m04d0c665e4_h1_k10_test,,0.0004245265445206,0.000443202239694,4.213808834584279
Alibaba,m04d0c665e4_h1_k20_test,,0.000392117712181,0.0004346469650045,9.78478078758786
Alibaba,m04d0c665e4_h4_k10_test,,0.000610243238043,0.0006460422300733,5.541277382260994
Alibaba,m04d0c665e4_h4_k20_test,,0.0006605999078601,0.0006148843094706,-7.434829220884503
Alibaba,m04ef466298_h1_k10_test,,0.0008612699457444,0.0008612699457444,0.0
Alibaba,m04ef466298_h1_k20_test,,0.0008851088932715,0.0008851088932715,0.0
Alibaba,m04ef466298_h4_k10_test,,0.001003336510621,0.001003336510621,0.0
Alibaba,m04ef466298_h4_k20_test,,0.0010240195551887,0.0010240195551887,0.0
Alibaba,m04efc3d619_h1_k10_test,,0.0005544768064282,0.0005544768064282,0.0
Alibaba,m04efc3d619_h1_k20_test,,0.0005181584856472,0.0005181584856472,0.0
Alibaba,m04efc3d619_h4_k10_test,,0.0007326996419578,0.0007326996419578,0.0
Alibaba,m04efc3d619_h4_k20_test,,0.0007949770078994,0.0007949770078994,0.0
Alibaba,m04f7adf738_h1_k10_test,,0.0005237698205746,0.0005693747662007,8.009653439740154
Alibaba,m04f7adf738_h1_k20_test,,0.0005596773116849,0.0005596773116849,0.0
Alibaba,m04f7adf738_h4_k10_test,,0.0012460215948522,0.0014203941682353,12.276350970732452
Alibaba,m04f7adf738_h4_k20_test,,0.0013191166799515,0.0008773512672632,-50.352171207631
Alibaba,m0504431794_h1_k10_test,,0.0001542098762001,0.0001454282464692,-6.038462185831493
Alibaba,m0504431794_h1_k20_test,,0.0001344709744444,0.0001375402061967,2.231516016197672
Alibaba,m0504431794_h4_k10_test,,0.0001760520390234,0.0001760520390234,0.0
Alibaba,m0504431794_h4_k20_test,,0.000176857371116,0.000176857371116,0.0
Alibaba,m050dfc3665_h1_k10_test,,0.0019003105117008,0.0019003105117008,0.0
Alibaba,m050dfc3665_h1_k20_test,,0.001840838114731,0.001840838114731,0.0
Alibaba,m050dfc3665_h4_k10_test,,0.0017350231064483,0.0017350231064483,0.0
Alibaba,m050dfc3665_h4_k20_test,,0.0017239927547052,0.0017239927547052,0.0
Alibaba,m0514f32c5f_h1_k10_test,,0.0001247303589479,0.0001247303589479,0.0
Alibaba,m0514f32c5f_h1_k20_test,,0.0001253466471098,0.0001253466471098,0.0
Alibaba,m0514f32c5f_h4_k10_test,,0.000160089781275,0.000160089781275,0.0
Alibaba,m0514f32c5f_h4_k20_test,,0.0001723880995996,0.000158767477842,-8.578974647026113
Alibaba,m05177cf5e4_h1_k10_test,,0.0006072234828025,0.0006072234828025,0.0
Alibaba,m05177cf5e4_h1_k20_test,,0.0006105020293034,0.0006105020293034,0.0
Alibaba,m05177cf5e4_h4_k10_test,,0.0008897827356122,0.0008897827356122,0.0
Alibaba,m05177cf5e4_h4_k20_test,,0.0010933241574093,0.0010933241574093,0.0
